NOVELA,AÑO,CANAL,PROTAGONISTAS,¿DE QUE SE TRATA LA NOVELA?,IMAGEN,LINK COLUMNA 1 ENTREGA,LINK COLUMNA 2 ENTREGA,LINK COLUMNA 3 ENTREGA,LINK COLUMNA 4 ENTREGA,LINK COLUMNA 5 ENTREGA,LINK COLUMNA,GUIONISTA,,
Amándote,1988,Canal 11,"Arnaldo Andre, Jeannette Rodríguez, Lupita Ferrer, Rodolfo Machado, Gino Renni, Jorge Barreiro, María Concepción César, Gabriel Corrado","Martin Arana, un piloto de aviación civil seductor y adinerado que vive en Miami, está comprometido con una aristocrática mujer. Sin embargo, su vida cambia radicalmente cuando viaja a Buenos Aires y conoce a Carolina, una humilde y bella joven que trabaja como azafata, desatando una pasión apasionada que desafía los compromisos marcados y los secretos del pasado. Temas que toca: El romance entre el piloto millonario y la azafata humilde (el mito del amor transatlántico)Diferencias de clases sociales y los prejuicios de la alta sociedad de los '80El entorno de la aviación, los viajes internacionales y la vida entre Miami y Buenos AiresInfidelidades, secretos de familia, celos y las intrigas para separar a la pareja",https://drive.google.com/file/d/1raGQ7cXav_vg0yU8jI4xO-D0_YzJ1O4S/view?usp=sharing,https://www.youtube.com/watch?v=pQYLrTzIRTA&list=PLZcf6JgSuiNl3vJMBi1B5gxRkLSso5nEw&index=449,https://www.youtube.com/watch?v=udhs7uIcDIw&list=PLZcf6JgSuiNl3vJMBi1B5gxRkLSso5nEw&index=439,https://www.youtube.com/watch?v=4Bpdnega8ro&list=PLZcf6JgSuiNl3vJMBi1B5gxRkLSso5nEw&index=426,https://www.youtube.com/watch?v=sFIRWf-993I&list=PLZcf6JgSuiNl3vJMBi1B5gxRkLSso5nEw&index=415,https://www.youtube.com/watch?v=KcrN4tUua-E&list=PLZcf6JgSuiNl3vJMBi1B5gxRkLSso5nEw&index=387,,Ligia Lezama,,
Rosa de lejos,1989,ATC,"Leonor benedetto, pablo alarcon y Juan carlos dual","Rosa llega a buenos aires para trabajar, queda embarazada de su primer y unico amor.Lo cria sola, estudia corte y confeccion para salir adelnte y se convierte en una de las diseñadoras de moda mas importante del pais. Roberto se arrepiente toda su vida de abandonarla.",https://drive.google.com/file/d/1831GIRen1n9ZdUbjNSOzMxYN-1zTtkV9/view?usp=share_link,https://www.youtube.com/watch?v=PxHjnt6LcCk&t=833s,https://www.youtube.com/watch?v=51yQ_5QFfUQ&list=PLppGrAbVMtNH__q05yQAAO90cRuheSgBZ&index=2,https://www.youtube.com/watch?v=dc4DPGXi5rM&t=51s,https://www.youtube.com/watch?v=jRAc1pTZZdk,,,Celia Alcántara,,
La extraña dama,1989,Canal 9,"Luisa Kuliok, Jorge Martínez","Gina, una humilde joven de campo, y Marcelo Ricciardi, un adinerado e importante hombre de sociedad, viven un apasionado e intenso romance del que Gina queda embarazada. Ante la imposibilidad de estar juntos por la oposición familiar y los prejuicios sociales, Gina entrega a su hija recién nacida a un convento y toma los votos religiosos bajo el nombre de Sor Piedad, sin saber que Marcelo jamás dejó de buscarla ni que el destino volvería a cruzar sus vidas. Temas que toca: sociedad, viven un apasionado e intenso romance del que Gina queda embarazada. Ante la imposibilidad de estar juntos por la oposición familiar y los prejuicios sociales, Gina entrega a su hija recién nacida a un convento y toma los votos religiosos bajo el nombre de Sor Piedad, sin saber que Marcelo jamás dejó de buscarla ni que el destino volvería a cruzar sus vidas.Temas que toca",https://drive.google.com/file/d/1jU0AkdaFEAC_lGMGZOc4KKGG0-jMTVCc/view?usp=share_link,https://www.youtube.com/watch?v=oL1Yz9LGsVs&list=PLZcf6JgSuiNl3vJMBi1B5gxRkLSso5nEw&index=651,https://www.youtube.com/watch?v=VOOvY5URyI4&list=PLZcf6JgSuiNl3vJMBi1B5gxRkLSso5nEw&index=617,https://www.youtube.com/watch?v=Y9pC2s8wzBw&list=PLZcf6JgSuiNl3vJMBi1B5gxRkLSso5nEw&index=608,https://www.youtube.com/watch?v=LRzFVGk0REQ&list=PLZcf6JgSuiNl3vJMBi1B5gxRkLSso5nEw&index=598,https://www.youtube.com/watch?v=2cRsA3JNs10&list=PLZcf6JgSuiNl3vJMBi1B5gxRkLSso5nEw&index=588,https://www.youtube.com/watch?v=4J5hXWsf4ag&list=PLZcf6JgSuiNl3vJMBi1B5gxRkLSso5nEw&index=551,https://www.youtube.com/watch?v=94BfiVZmdbI&list=PLZcf6JgSuiNl3vJMBi1B5gxRkLSso5nEw&index=528,https://www.youtube.com/watch?v=mWYZOSR0-CE&list=PLZcf6JgSuiNl3vJMBi1B5gxRkLSso5nEw&index=508,Lucy Gallardo
Rebelde,1989,Canal 9,Grecia Colmenares y Ricardo Darín,"Marina, una joven rica, caprichosa y rebelde, choca constantemente con la autoridad de su familia acomodada. Su vida da un giro inesperado cuando conoce a un hombre humilde y de carácter firme que no se deja intimidar por su fortuna, lo que desencadena un apasionado y conflictivo romance marcado por el choque de personalidades y las diferencias sociales. Temas que toca: La rebeldía juvenil y el capricho frente a la rigidez y las normas familiares de la alta sociedadLa domesticación del carácter a través del amor y el choque entre dos personalidades fuertesDiferencias de clase social y el prejuicio hacia quienes provienen de origenes humildesLa búsqueda de la verdadera madurez y la superación de los traumas del pasado",https://drive.google.com/file/d/1qRHaIrlc0cKvuY7ZHaceyzOy9pkZqzdz/view?usp=share_link,https://www.youtube.com/watch?v=sKhG4r06XSY,https://www.youtube.com/watch?v=XDMILIGngXE,,,,,Ligia Lezama,,
Grande pa,1991,Telefe,"Arturo Puig, María Leal, Alberto Fernández de Rosa, Delfy de Ortega, Verónica Varano, Manuel Callau, Guido Kaczka","Arturo, un hombre viudo e impulsivo, debe criar solo a sus tres hijas adolescentes (""las chancles"") mientras intenta mantener el orden en el hogar. La llegada de María, una humilde y cariñosa empleada doméstica que se convierte en el pilar fundamental de la casa, transforma la dinámica familiar y despierta un romance latente marcado por las diferencias sociales y la calidez cotidiana. Temas que toca: La paternidad en soledad, el duelo por la pérdida materna y la crianza de tres hijas adolescentesComedia familiar y costumbrista con fuerte enfoque en el afecto, la convivencia y los valores del hogarRomance interclase entre el patrón acomodado y la empleada domésticaEl rol de la mujer como sostén emocional y la construcción de una familia ensamblada",https://drive.google.com/file/d/1RYuEMrybL8VbAtTbyaWTOW6y0jfx9VBo/view?usp=share_link,https://www.youtube.com/watch?v=QNt5qthJrYg,https://www.youtube.com/watch?v=9551-oTijds,https://www.youtube.com/watch?v=cp9oDbE6yDA,https://www.youtube.com/watch?v=HREsldxFtyY,https://www.youtube.com/watch?v=Ux2tZDgBsxg,,"Patricia Maldonado Gius, Gustavo Barrios, Ricardo Rodríguez",,
Primer amor,1992,Telefe,Grecia Colmenares y Gabriel Corrado,"Grecia, una joven hermosa pero humilde que trabaja limpiando casas de alta sociedad, conoce a Daniel, un adinerado e idealista piloto de carreras. Entre ellos nace un amor puro e incondicional que desafía los prejuicios socioeconómicos y las constantes conspiraciones de la egoísta y manipuladora madre de Daniel, quien hará todo lo posible por destruir la pareja. Temas que toca: El amor romántico e incondicional capaz de superar las fronteras de claseLas intrigas familiares y las diferencias socioeconómicas marcadasLa inocencia, la bondad y el valor del trabajo honrado frente a la frivolidad aristocráticaEl camino del melodrama clásico: secretos del pasado, sacrificios y la búsqueda constante de la felicidad",https://drive.google.com/file/d/1raQTxh-Hd7uEq6UCr6GOg6B1RZ1bt8RQ/view?usp=share_link,https://www.youtube.com/watch?v=OxuWs5_jqQg&list=PLZcf6JgSuiNl3vJMBi1B5gxRkLSso5nEw&index=307,https://www.youtube.com/watch?v=pENLCKg4dzc&list=PLZcf6JgSuiNl3vJMBi1B5gxRkLSso5nEw&index=295,https://www.youtube.com/watch?v=pENLCKg4dzc&list=PLZcf6JgSuiNl3vJMBi1B5gxRkLSso5nEw&index=295,https://www.youtube.com/watch?v=A0EpUZ_XKs8&list=PLZcf6JgSuiNl3vJMBi1B5gxRkLSso5nEw&index=275,https://www.youtube.com/watch?v=MHttxtzUjkE&list=PLZcf6JgSuiNl3vJMBi1B5gxRkLSso5nEw&index=262,https://www.youtube.com/watch?v=mYGPZ5i-7GI&list=PLZcf6JgSuiNl3vJMBi1B5gxRkLSso5nEw&index=250,Mariela Romero,,
Cristal,1985 - 1986,Canal 9,"Jeannette Rodríguez, Carlos Mata","Cristina, una joven humilde e huérfana que sueña con ser modelo, entra a trabajar en la importante casa de modas de Victoria Ascanio. Sin saber que Victoria es la madre biológica que la abandonó de bebé al nacer, Cristina sufre los maltratos de su jefa mientras vive una apasionada historia de amor con Luis Alfredo, el aristocrático hijastro de Victoria. Temas que toca: Madres e hijas separadas, el abandono y los secretos de identidadEl mundo de la moda, el modelaje y el ascenso socialDiferencias de clase social y la discriminación por el origen humildeEl perdón, la redención y la moral victoriana frente a los errores del pasado",https://drive.google.com/file/d/1lj63oxbRhj0dazptzLlBFEcYO--Tp-gY/view?usp=share_link,https://www.youtube.com/watch?v=PutRchKGoNo&list=PLiLOpIZNFJMiCYTZTq_cHJlU72mtIeUAA&index=147,,,,,,"Delia Fiallo, Ana M. Escámez, Vivel Nouel, Zaret Romero",,
Mas alla del horizonte,1994,Canal 9,"Luisa Kuliok, Osvaldo Laport, Grecia Colmenares, Viviana Saccone, Osvaldo Guidi, Patricia Palmer, Cecilia Maresca","Milagros y Catriel, dos niños separados al nacer por un trágico enfrentamiento entre indios y blancos en la frontera del siglo XIX, crecen en mundos totalmente opuestos: ella en la aristocracia porteña y él criado por la tribu aborigen. Ya de adultos, sus caminos se cruzan en una apasionada y vertiginosa historia de amor marcada por las guerras de frontera, las disputas de tierras y los prejuicios raciales de la época. Temas que toca: El choque cultural y la convivencia entre la sociedad criolla/aristocrática y los pueblos originariosSecretos de identidad, bebés cambiados/separados y la búsqueda de las verdaderas raícesAmores épicos a través de las décadas enmarcados en la reconstrucción histórica del siglo XIX argentinoLa ambición por la tierra, los dilemas morales de la conquista y la lucha por el poder familiar",https://drive.google.com/file/d/1XQCnXkzmwt7FoqBhJK18NwmGa-6F6-ER/view?usp=share_link,https://www.youtube.com/watch?v=7ygtRYxzSGw,https://www.youtube.com/watch?v=er3ZLKlJ8cs,https://www.youtube.com/watch?v=utmRE124OFQ,https://www.youtube.com/watch?v=EmV7IneHva4,,,"Guillermo Glanc, Juan Marin, María Victoria Menis",,
Marimar,1994,Canal de las Estrellas (México),"Thalía, Eduardo Capetillo", Joven humilde se enamora de un hombre rico y debe enfrentar las diferencias sociales y el rechazo de su familia.Temas: Amor · Diferencias sociales · Meritocracia · Venganza · Familia · Superación,https://drive.google.com/file/d/1aAXp3Q5vGcbSdgt8op9wDzwFz9DtamES/view?usp=share_link,https://www.youtube.com/watch?v=5JFtR2bsco4&list=PLiLOpIZNFJMiCYTZTq_cHJlU72mtIeUAA&index=125,,,,,,"Carlos Romero, Valeria Philliphs, Tere Medina, Rosario Velicia",,
Montaña rusa,1994,Canal 13,"Nancy Dupláa, Gastón Pauls","Mariana se enamora de Alejandro, el hijo del nuevo esposo de su madre. Juntos deben enfrentar el prejuicio de ser hermanastros y superar las idas y vueltas propias de la juventud junto a su grupo de amigos.                                                                                   Temas: Amor prohibido entre hermanastros y familias ensambladasCrecimiento personal, independencia y primeros trabajosAmistad, lealtad y desengaños amorosos en la juventudRelaciones y conflictos entre padres e hijos",https://drive.google.com/file/d/1fH-hDErBZDDF4sHublh1qgDO8OIlLwja/view?usp=share_link,https://www.youtube.com/watch?v=HSUbto11_MM&list=PLiLOpIZNFJMiCYTZTq_cHJlU72mtIeUAA&index=153,,,,,,"Jorge Maestro, Sergio Vainman, Gastón Pessacq",,
Perla negra,1994-1995,Telefe,Andrea del Boca,"Perla sobrevive a un accidente donde muere su mejor amiga y asume su identidad para criar al hijo de esta, enfrentando a la adinerada familia de su amiga y al hombre que las engañó. Temas que toca: Suplantación de identidad y secretos familiaresMaternidad, sacrificio y venganzaAmor, engaño y redención",https://drive.google.com/file/d/1VEBnc-fYP3E3a2IvYSQs2FLX3xsG7jrT/view?usp=share_link,,,,,,https://soundcloud.com/futurock/perla-negra-novelascafeymasitas-por-danila-saiegh-en-furiabebe,Enrique Torres,,
Nano,1995,Canal 13,"Gustavo Bermúdez, Araceli González","Nano es un hombre humilde y apasionado que trabaja en un acuario como adiestrador de delfines y ballenas. Su vida cambia al enamorarse de Camila, una joven sordomuda a quien él enseña a comunicarse, mientras descubre un oscuro secreto familiar que une trágicamente sus pasados. Temas que toca: Amor y superación frente a la discapacidadSecretos del pasado y dramas familiaresLa comunicación no verbal y la empatíaAmor por la naturaleza y los animales",https://drive.google.com/file/d/15SwmmBTv42Cr604XsxNWOWCH0HtHjjTg/view?usp=share_link,,,,,,https://soundcloud.com/futurock/cafe-novelas-y-masitas-nano-por-danilasaiegh,Enrique Torres,,
Poliladron,1995,Canal 13,"Adrián Suar, Laura Novoa, Horacio Ranieri","Gustavo ""Nene"" Carrizo, un estafador y ladrón de guante blanco seductor y simpático, se cruza en la vida de Verónica Vega, una rigurosa y dedicada oficial de policía. A pesar de estar en lados opuestos de la ley y enfrentarse constantemente por los delitos del ""Nene"", entre ellos surge una química e inevitable atracción que desafía la ética profesional y el código criminal. Temas que toca: La atracción irreprimible entre opuestos y el juego del gato y el ratón entre la ley y el delitoEl ladrón ""con códigos"", simpático y de guante blanco frente a la rigidez institucionalDoble vida, secretos y el dilema ético de enamorarse del enemigoLa amistad, la lealtad de banda/barrio y el pulso policial de los noventa",https://drive.google.com/file/d/1XAT4xcsGUTP2WBmUGG9b6_OInqoHxtY4/view?usp=share_link,https://www.youtube.com/watch?v=grlBM_DBhCY,https://www.youtube.com/watch?v=47dYkL-YKSA,https://www.youtube.com/watch?v=nsP6K3mkHMQ,,,,"Leonardo Bechini, Oscar Tabernise",,
La nena,1996,Canal 9,"Valeria Britos, Rodolfo Ranni","A pesada de su corta edad, la protagonista revoluciona su entorno familiar y escolar desafiando los roles tradicionales de género con sus ideas de igualdad y una forma particular de hablar que rompe el lenguaje de la época. Temas que toca: Feminismo temprano y rol de la mujer en los 90Lenguaje inclusivo y ruptura de modismos tradicionalesRebeldía juvenil e independenciaConflictos generacionales entre padres e hijos",https://drive.google.com/file/d/1uof7_enMuf46payfqx712mdZPN2N77TQ/view?usp=share_link,https://www.youtube.com/watch?v=_esvlvq2Ch8&list=PLiLOpIZNFJMiCYTZTq_cHJlU72mtIeUAA&index=128,https://www.youtube.com/watch?v=6sILaBKFRgs&list=PLiLOpIZNFJMiCYTZTq_cHJlU72mtIeUAA&index=127,,,,,Salvador (Pocho) Ottobre,,
Muñeca brava,1998,Telefe,"Natalia Oreiro, Facundo Arana","Milagros, una joven huérfana y rebelde que se crió en un convento, entra a trabajar como sirvienta en la mansión de la adinerada familia Di Carlo. Allí se enamora de Ivo, el hijo de la casa, mientras descubre los oscuros secretos de su propio origen e identidad. Temas que toca: Amor entre distintas clases socialesBúsqueda de identidad y secretos de origenRebeldía, empoderamiento e independencia femeninaConflictos familiares, prejuicios y engaños",https://drive.google.com/file/d/1a0rnjdvvwMncXnp8VTHtbTG-yhHOGhn6/view?usp=share_link,https://www.youtube.com/watch?v=Bpm3joxRjQo&list=PLiLOpIZNFJMiCYTZTq_cHJlU72mtIeUAA&index=153,,,,,,Enrique Torres,,
"Alas, poder y pasión ",1998,Canal 13,"Gustavo Bermúdez, Paola Krum, Rodolfo Ranni, Nacha Guevara, Gastón Pauls, María Vaner, Rubén Stella, Hilda Bernard","Magdalena, una destacada ejecutiva en el exigente universo de la aviación comercial, lucha por consolidar su carrera en un mundo dominado por hombres mientras se debate entre dos hombres opuestos: un ambicioso piloto y un poderoso empresario. La codicia, las luchas de poder por el control de la aerolínea y los celos profesionales ponen a prueba sus convicciones y sus sentimientos. Temas que toca: Las luchas de poder corporativas, la codicia y la ambición en la industria de la aviaciónEmpoderamiento femenino y el liderazgo de la mujer en ámbitos laborales competitivos y masculinizadosTriángulos amorosos, pasiones prohibidas y el dilema entre el éxito profesional y el amorSecretos del pasado, traiciones empresariales y la rivalidad profesional",https://drive.google.com/file/d/1gkcZFLsdAGSzEpknHhbm6OJJO158ej7U/view?usp=share_link,https://www.youtube.com/watch?v=nCcj2kWvLrQ&list=PLZcf6JgSuiNl3vJMBi1B5gxRkLSso5nEw&index=729,https://www.youtube.com/watch?v=tnOWKVMkyqA&list=PLZcf6JgSuiNl3vJMBi1B5gxRkLSso5nEw&index=700,https://www.youtube.com/watch?v=wIyMFE6SSKc&list=PLZcf6JgSuiNl3vJMBi1B5gxRkLSso5nEw&index=690,,,,"Marcia Cerretani, Enrique Sdrech",,
Gasoleros,1998-1999,Canal 13,"Juan Leyrado, Mercedes Morán, Silvia Montanari, Dady Brieva, Pablo Rago, Manuel Callau, Cecilia Milone, Nicolás Cabré","Roxy y Panigassi, dos personas comunes y trabajadoras de barrio, cruzan sus caminos y viven un amor maduro en medio de sus complejas familias. Roxy lidera un hogar sostenido por mujeres fuertes e independientes, mientras todos luchan el día a día con humor, solidaridad y calle. Temas que toca: La cultura del trabajo y el día a día de la clase media/laburanteFamilias ensambladas, mujeres sostenes de hogar y liderazgo femeninoAmor maduro y segundas oportunidadesAmistad, solidaridad entre mujeres y vida de barrio",https://drive.google.com/file/d/1YBubAF_Cp2bD6BoqxKflrbrp0MHIE1OB/view?usp=share_link,https://www.youtube.com/watch?v=dNs_75dTDjg&list=PLiLOpIZNFJMiCYTZTq_cHJlU72mtIeUAA&index=136,https://www.youtube.com/watch?v=XT3kLHUx2kw&list=PLiLOpIZNFJMiCYTZTq_cHJlU72mtIeUAA&index=135,,,,,"Gustavo Barrios (Pol-ka), Ernesto Korovsky",,
Verano del 98,1998-2000,Telefe,"Nancy Dupláa, Fernán Mirás, Agustina Cherri, Marcela Kloosterboer","Un grupo de adolescentes vive las transformaciones propias del paso a la adultez en el pueblo costero de Costa Esperanza, descubriendo el amor, la identidad y las responsabilidades, mientras enfrentan secretos del pasado y la dura realidad del mundo adulto. Temas que toca: Transición de la adolescencia a la madurezPrimeros amores, desamor y sexualidadAmistad incondicional y dinámicas de grupoBúsqueda de identidad, independencia y secretos familiares",https://drive.google.com/file/d/1PH7l7B9BYe9riS7VIxNvKyAo7KizW0gH/view?usp=share_link,https://www.youtube.com/watch?v=ugz2HYOQUAs&list=PLiLOpIZNFJMiCYTZTq_cHJlU72mtIeUAA&index=144,,,,,,"Patricia Maldonado, Claudio Lacelli, Fidel Chiatto, Marili pugno, Amparo Iribas, José Lerfino, Betina Sancha",,
Campeones de la vida,1999-2001,Canal 13,"Soledad Silveyra, Osvaldo Laport","Tito Guevara, un boxeador retirado, y Ciro D'Alessandro, un capataz de basura, luchan junto a sus familias por salir adelante en el día a día del barrio. Entre el ring y la calle, enfrentan crisis económicas, desamores y la constante pelea por mantener la dignidad y los afectos. Temas que toca: Mujeres que sufren, pero a la vez matrimonios realesLa cultura del trabajo, la dignidad y el esfuerzo de la clase obreraEl boxeo como metáfora de la lucha diaria y la superación personalCrisis económicas, adicciones y conflictos familiaresAmistad, lealtad de barrio y solidaridad",https://drive.google.com/file/d/1PGpsv9p0Ed9eIMIeUx5HiM50tM8RiXWU/view?usp=share_link,,https://www.youtube.com/watch?v=ROx-W44anug&list=PLiLOpIZNFJMiCYTZTq_cHJlU72mtIeUAA&index=139,,,,,"Gustavo Barrios (Pol-ka), Diana Segovia",,
Los buscas,2000,Canal 9,"Nancy Dupláa, Pablo Echarri","Martín y Patricia, dos personas criadas como hermanos sin saber que no lo son de sangre, se reencuentran en la adultez y viven una atracción pasional e incontrolable mientras enfrentan la corrupción política, las ambiciones de poder y los secretos de su origen. Temas que toca: Mirada muy cuestionable sobre amor de hermanos Corrupción política, ambición y luchas de poderSecretos de familia e identidad ocultaClases sociales y luchas de barrio frente al poder político",https://drive.google.com/file/d/18o3s2RhPMm76-D4W4ETy6xIel5C3BH0F/view?usp=share_link,https://www.youtube.com/watch?v=vpjJwLFSES4&list=PLiLOpIZNFJMiCYTZTq_cHJlU72mtIeUAA&index=142,,,,,,Marcela Citterio,,
Luna salvaje,2000,Telefe,"Gabriel Corrado, Carina Zampini,Millie Stegman","Gonzalo y María se conocen trágicamente cuando él, devastado por la muerte de su hijo, encuentra en ella a la mujer dispuesta a alquilar su vientre para darle un hijo con su esposa. En medio del dolor, las presiones económicas y las trampas de la alta sociedad, surge entre ambos una pasión irresistible y prohibida.",https://drive.google.com/file/d/1IR3LOmzsZlvDSSOu4TWjjZrEWjZFVKby/view?usp=share_link,https://www.youtube.com/watch?v=1ZeqYYdDdZ4&list=PLiLOpIZNFJMiCYTZTq_cHJlU72mtIeUAA&index=141,,,,,,"Ricardo Rodríguez, Elena Antonieto, Oscar Ibarra",,
Enamorarte,2001,Telefe,"Emanuel Ortega, Celeste Cid","Celeste, una joven de barrio apasionada por la danza, lucha por seguir sus sueños artísticos mientras se enamora de Marcos, un joven de clase alta. Entre las diferencias de mundo y las exigencias familiares, ambos buscan hacerse un lugar en el arte y definir su propio camino. Temas que toca: Todo bien si queres dedicarte al arte y la vocación juvenilValores tradicionales, familia y diferencias de claseMirada interesante sobre Marcia: la mujer grande que se casa por guita y se siente solaPrimeros amores, independencia y superación personal",https://drive.google.com/file/d/1WPdNV-Fj06jHaY9mpaMBGoM1OxJaZxUD/view?usp=share_link,https://www.youtube.com/watch?v=vc6_q_zGgJU&list=PLiLOpIZNFJMiCYTZTq_cHJlU72mtIeUAA&index=146,,,,,,Claudio Lacelli,,
"Yago, pasión morena",2001,Telefe,"Facundo Arana, Gianella Neyra","Yago, un hombre criado en la selva misionera, viaja a Buenos Aires tras descubrir que su verdadera identidad y familia están allí. En la ciudad conoce a Morena, una mujer urbana de clase alta, viviendo un choque de mundos, pasiones ocultas y la búsqueda de la verdad sobre su origen. Temas que toca: Choque entre la naturaleza/vida salvaje y la ambición urbanaSecretos de identidad y disputas por herencias familiaresAmor entre mundos opuestos y superación del prejuicioCodicia, venganza y la búsqueda de la autenticidad",https://drive.google.com/file/d/1sVlW21DZcdrTi1Dq7nGnthX9ki_xOxBr/view?usp=share_link,https://www.youtube.com/watch?v=5huli84fq4w&list=PLiLOpIZNFJMiCYTZTq_cHJlU72mtIeUAA&index=79,https://www.youtube.com/watch?v=A5K69nGyjDk&list=PLiLOpIZNFJMiCYTZTq_cHJlU72mtIeUAA&index=78,https://www.youtube.com/watch?v=hCDRzLmh3xo&list=PLiLOpIZNFJMiCYTZTq_cHJlU72mtIeUAA&index=77,,,,"Ricardo Rodríguez, Oscar Ibarra, Daniel Delbene",,
El sodero de mi vida,2001,Canal 13,"Andrea del Boca, Dady Brieva","Alberto Muzzopappa, un humilde y carismático sodero de barrio que intenta salvar la sodería familiar de las deudas, se ve obligado a vender el negocio a un empresario inmobiliario. La vida de Alberto cambia radicalmente cuando conoce a Sofía, una refinada psicóloga y sexóloga, desatando un romance tan apasionado como accidentado que choca con las diferencias de clase y sus respectivos entornos familiares. Temas que toca: Comedia costumbrista, la identidad de barrio y el orgullo del oficio popular (el sodero como figura entrañable)  Relaciones y romance entre distintas clases sociales (el laburante de barrio frente a la profesional acomodada)  La amenaza de la modernización e especulación inmobiliaria sobre los comercios familiares de barrio  Dinámicas familiares complejas, el rol paterno del protagonista y los enredos afectivos cotidianos",https://drive.google.com/file/d/1pacQgjHVOEg8ltkqBn-KPNyAlwc_C5CA/view?usp=share_link,https://www.youtube.com/watch?v=lhNWr7TZWs4&list=PLZcf6JgSuiNl3vJMBi1B5gxRkLSso5nEw&index=1353,https://www.youtube.com/watch?v=35-WpCzDL1A&list=PLZcf6JgSuiNl3vJMBi1B5gxRkLSso5nEw&index=1346,https://www.youtube.com/watch?v=YC4_Tr9cGCo&list=PLZcf6JgSuiNl3vJMBi1B5gxRkLSso5nEw&index=1338,https://www.youtube.com/watch?v=9VXUk8SQCLc&list=PLZcf6JgSuiNl3vJMBi1B5gxRkLSso5nEw&index=1331&pp=iAQB,,,"Jorge Maestro, Ernesto Korovsky",,
El loco,2001,Canal 13,"Adrián Suar, Leticia Brédice, Nancy DupláaMaría Rosa Gallo, Damián de Santo, Mariano MartínezJulieta Ortega, Horacio Fontova, Oscar Ferreiro, Claribel Medine","Federico ""El 22"" Falcone, un policía apasionado, impulsivo y de métodos poco ortodoxos, integra una brigada especial dedicada a resolver casos de alto riesgo. Su vida personal es tan caótica como su trabajo: mientras arriesga la vida en la calle, se debate emocionalmente entre el amor de Laura, la abogada del equipo, y la atracción irresistible hacia la médica que lo atiende tras sus constantes heridas. Temas que toca: La figura del policía impulsivo, ""loco"" y de métodos poco convencionales pero nobleEl vértigo de las brigadas especiales, la acción policial urbana y el peligro constanteTriángulos amorosos intensos y la dificultad para conciliar la adrenalina laboral con la estabilidad afectivaLa lealtad entre compañeros de armas, la justicia por mano propia y el límite de la ley",https://drive.google.com/file/d/1bjV81smzSq_qTP0HCMXNvUmbKzAjBfbz/view?usp=share_link,https://www.youtube.com/watch?v=5jMYdalTAz4&list=PLZcf6JgSuiNl3vJMBi1B5gxRkLSso5nEw&index=1254,https://www.youtube.com/watch?v=Adz5LgVOJqs&list=PLZcf6JgSuiNl3vJMBi1B5gxRkLSso5nEw&index=1244,,,,,Marcos Carnevale,,
Franco Buenaventura,2002,Telefe,"Osvaldo Laport, Carina Zampini","Franco Buenaventura, un profesor de literatura maduro, vive una relación de pasión obsesiva con Carolina, una de sus alumnas adolescentes. El romance desata una espiral de escándalos, obsesiones cruzadas y dramas familiares que destruyen la tranquilidad del colegio y de sus vidas. Temas que toca: Desastre total y validación/bancando el abuso en relaciones docente-alumnaLa madre como única postura coherente pero retratada de forma idiota por el entornoObsesión, límites éticos y escándalo socialTabúes escolares, manipulación y dinámicas de poder toxicadas",https://drive.google.com/file/d/1tltObtMsr0gYtZ1c0F6N_GgiXAyzsn_z/view?usp=share_link,https://www.youtube.com/watch?v=J_yZ9xETmVg&list=PLiLOpIZNFJMiCYTZTq_cHJlU72mtIeUAA&index=137,,,,,,"Ricardo Rodrigez, Oscar Ibara",,
099 central,2002,Canal 13,"Facundo Arana, Nacy Dupláa, Paola Krum, Raúl Taibo, Juan Darthés, Julieta Díaz, Luis Luque, Carolina Peleritti, Emilio Disi","Tomas Ledesma, un intrépido e impulsivo oficial al mando de la Brigada 099, una unidad de élite policial integrada por agentes exonerados o desplazados de sus comisarías. En un entorno cargado de adrenalina y peligro, Tomás intenta sostener la disciplina de su equipo mientras se debate entre dos amores: Laura, una firme y ética médica policial, y la atractiva e impredecible policía ""Pato"". Temas que toca: El heroísmo y la redención dentro de una brigada policial de ""marginados""Triángulos amorosos de alta tensión y la pasión en situaciones de extremo peligroLa lealtad entre compañeros de armas y el compañerismo de la fuerzaAcción urbana, rescates de alto riesgo y la justicia frente al crimen organizado",https://drive.google.com/file/d/1HzXAyYIX4DhKpOFpzn-ZUV2W37JGqfbB/view?usp=sharing,https://www.youtube.com/watch?v=JT-coPY9odk&list=PLZcf6JgSuiNl3vJMBi1B5gxRkLSso5nEw&index=1227,https://www.youtube.com/watch?v=QUJSRzImLNI&list=PLZcf6JgSuiNl3vJMBi1B5gxRkLSso5nEw&index=1224,https://www.youtube.com/watch?v=vKAvQykyyxM&list=PLZcf6JgSuiNl3vJMBi1B5gxRkLSso5nEw&index=1216,https://www.youtube.com/watch?v=m1KmimwWbas&list=PLZcf6JgSuiNl3vJMBi1B5gxRkLSso5nEw&index=1200,,,"Leonardo Bechini, Marcos Carnevale",,
Resistiré,2003,Telefe,"Pablo Echarri, Celeste Cid","Diego, un joven diseñador de ropa, queda envuelto en la red criminal de Mauricio Doval, un empresario siniestro que trafica órganos y sangre. Mientras intenta destruirlo, Diego se enamora perdidamente de Julia, la prometida de Doval, desatando un oscuro juego de poder, obsesión y supervivencia. Temas que toca: Valores tradicionales (él, su familia) frente a la marginalidadVisión noventera/dosmilera de la diversidad: el hermano trolo y la amiga medio zorra, pero todo bienAmor entre gente más grande y lo interesante que pasa entre la pareja de Fanego y PolittiTráfico de órganos, experimentos médicos y corporaciones oscurasEl mal absoluto, manipulación psicológica y supervivencia",https://drive.google.com/file/d/15X7WLb9UP2JpHbWbbAq61duzvMuEZSd8/view?usp=share_link,https://www.youtube.com/watch?v=9Ku39ZlrArI&list=PLiLOpIZNFJMiCYTZTq_cHJlU72mtIeUAA&index=143,,,,,,"Gustavo Belatti, Mario Segade",,
El deseo,2004,Telefe,"Natalia Oreiro, Soledad Silveyra","Carmen, una mujer que se dedica al varieté, llega al pueblo de Las Brisas buscando un nuevo comienzo. Sin embargo, se topa con un lugar dominado por la ambición, los secretos oscuros de sus habitantes y la disputa por las aguas termales,donde el deseo y la traición mueven las fichas de todos. Temas que toca: Ambición, codicia y disputas por el poder localSecretos de pueblo chico, falsas apariencias e hipocresía socialEl deseo, la pasión prohibida y la seducción como manipulaciónLa búsqueda de la verdad, la culpa y la redención",https://drive.google.com/file/d/1xcmKXE1UeYE9ICDP9ckk9jZbIPvMcnj5/view?usp=share_link,,https://www.youtube.com/watch?v=qOBsfUn2ong&list=PLiLOpIZNFJMiCYTZTq_cHJlU72mtIeUAA&index=130,https://www.youtube.com/watch?v=hQtoO0APJ1c&list=PLiLOpIZNFJMiCYTZTq_cHJlU72mtIeUAA&index=129,,,,"Gustavo Belatti, Mario Segade",,
Padre coraje,2004,Canal 13,"Facundo Arana, Nancy Dupláa, Leonor Benedetto,Nora Cárpena, Raúl Rizzo, Carina Zampini","Coraje, un noble e idealista joven que lidera una banda de ajusticiadores en la Argentina de los años 50, llega al pueblo de La Cruz para investigar el asesinato de Alejandro Guerrico y limpiar su propio nombre. Para ocultar su identidad, se hace pasar por el nuevo párroco del pueblo, el padre Juan. Sin embargo, su plan se complica al enamorarse de Clara Guerrico, la devota e idealista hija del hombre asesinado, desatando un intenso conflicto entre sus votos religiosos simulados, la lucha por la justicia y una red de logias oscuras que dominan el pueblo. Temas que toca: El amor prohibido entre un (falso) sacerdote y una mujer del puebloLa lucha por la justicia y la figura del héroe popular tipo ""El Zorro""Logias secretas, poder local, hipocresía religiosa y corrupción políticaDoble identidad, secretos del pasado y la fe en contextos de injusticia",https://drive.google.com/file/d/1z8vvMibDcIpbUsElGLXdo9KwZN9fnGxU/view?usp=share_link,https://www.youtube.com/watch?v=SXtiQtwkXLs&list=PLZcf6JgSuiNl3vJMBi1B5gxRkLSso5nEw&index=1320,https://www.youtube.com/watch?v=1VEu33a5WIQ&list=PLZcf6JgSuiNl3vJMBi1B5gxRkLSso5nEw&index=1312,https://www.youtube.com/watch?v=iAf-mcIFhMk&list=PLZcf6JgSuiNl3vJMBi1B5gxRkLSso5nEw&index=1298,https://www.youtube.com/watch?v=esoPFKG4mo4&list=PLZcf6JgSuiNl3vJMBi1B5gxRkLSso5nEw&index=1290,https://www.youtube.com/watch?v=pEL27kmqcSo&list=PLZcf6JgSuiNl3vJMBi1B5gxRkLSso5nEw&index=1282,https://www.youtube.com/watch?v=Cn30Usm8uUI&list=PLZcf6JgSuiNl3vJMBi1B5gxRkLSso5nEw&index=1274,"Marcos Carnevale, Marcela Guerty",,
Amor en custodia,2005,Telefe,"Osvaldo Laport, Soledad Silveyra","Juan Manuel Aguirre, un hombre de campo humilde y recto, es contratado como custodio personal de Paz Achaval Urien, una adinerada e influyente empresaria. A pesar de las marcadas diferencias de clase, los compromisos matrimoniales de ambos y los peligros que los rodean, surge entre ellos una pasión inevitable. Temas que toca: Amor de gente medio grande y segundas oportunidades pasionalesRelaciones entre distintas clases sociales y choque de mundosLealtad, deber profesional y protección frente al peligroInfidelidad, secreto y matrimonios de apariencia",https://drive.google.com/file/d/1RyPSG9hzUf4a2JCFLclnC6DVo3uQqAnI/view?usp=share_link,https://www.youtube.com/watch?v=9YYrpS9x67I&list=PLiLOpIZNFJMiCYTZTq_cHJlU72mtIeUAA&index=140,,,,,,"Marcela Citterio, Enrique Estevanez ",,
Montecristo,2006,Telefe,"Pablo Echarri, Paola Krum, Joaquin Furriel, Viviana Saccone","Santiago Díaz Herrera, un joven y prometedor abogado, es traicionado por su mejor amigo Marcos Lombardo y dado por muerto en Marruecos bajo las órdenes del padre de este, un poderoso e impune empresario vinculado a los crímenes de la dictadura. Diez años después, Santiago regresa con una nueva identidad para ejecutar una fría y calculada venganza contra quienes destruyeron su vida y le robaron al amor de su vida, Laura. Temas que toca: La venganza y la justicia contrapuestas al perdón y la redenciónApropiación de niños y la memoria histórica vinculada a los crímenes de la última dictadura militarLa impunidad de las élites, la corrupción del poder y la traición entre amigosLa fuerza del amor verdadero capaz de resistir el paso del tiempo, el dolor y las mentiras",https://drive.google.com/file/d/1pZJDpbVyrmJP0mdCXuFG5avuf_sej3LY/view?usp=share_link,https://www.youtube.com/watch?v=5vZ4RqQuYDQ&list=PLZcf6JgSuiNl3vJMBi1B5gxRkLSso5nEw&index=1402,https://www.youtube.com/watch?v=tEG5dntW3ww&list=PLZcf6JgSuiNl3vJMBi1B5gxRkLSso5nEw&index=1401,https://www.youtube.com/watch?v=j3saHTBQCVQ&list=PLZcf6JgSuiNl3vJMBi1B5gxRkLSso5nEw&index=1397,https://www.youtube.com/watch?v=dHFtXCrpnKw&list=PLZcf6JgSuiNl3vJMBi1B5gxRkLSso5nEw&index=1388,,,"Adriana Lorenzón, Marcelo Camaño
",,
Vientos de agua,2006,Canal 13,"Ernesto Alterio, Eduardo Blanco, Héctor Alterio","José Olaya, un joven asturiano, huye a la Argentina en 1934 tras un atentado minero. Décadas después, en 2001, su hijo Ernesto, un arquitecto argentino afectado por la crisis económica del ""corralito"", realiza el trayecto inverso y emigra a España en busca de un futuro. Temas que toca: La emigración, el exilio económico y el camino cruzado intergeneracional entre España y ArgentinaLa memoria histórica, la identidad y la búsqueda de las raíces familiares a través del tiempoEl choque de épocas: las luchas obreras de los años 30 frente a la crisis social y económica argentina de 2001El desarraigo, la soledad del migrante, la xenofobia y la reconstrucción del hogar lejos de la patria",https://drive.google.com/file/d/1oKz36oG0U9v3EdU1bS3l8HW33xNhO0SB/view?usp=share_link,https://www.youtube.com/watch?v=AuS9iagNAVU&list=PLZcf6JgSuiNl3vJMBi1B5gxRkLSso5nEw&index=1779,https://www.youtube.com/watch?v=QYAefnlo1aU&list=PLZcf6JgSuiNl3vJMBi1B5gxRkLSso5nEw&index=1769,,,,,"Juan José Campanella, Juan Pablo Doménech, Alejo Flah, Áurea Martínez, Aída Bortnik.",,
Socias,2008,Canal 13,"Mercedes Morán, Andrea Pietra, Nancy Dupláa","Inés, Dolores y Astudillo, tres abogadas con personalidades y vidas muy distintas, se asocian para llevar adelante un bufete de abogados. Entre tribunales, casos complejos y su vida cotidiana, navegan los desafíos de la madurez, el amor, la independencia y la búsqueda de equilibrio personal. Temas que toca: Mujeres que laburan y enfrentan problemas bastante reales en la profesionalidad y la vida cotidianaMirada problematizadora de la maternidad (mandatos, dificultades para conciliar y decidir sobre el propio cuerpo)Amistad, lealtad y solidaridad femenina en el ámbito laboral y personalDivorcio, relaciones modernas y la búsqueda de independencia en mujeres adultas",https://drive.google.com/file/d/1djbXMwKww4_gdh6R7LTiMvE40QkUNGNY/view?usp=share_link,https://www.youtube.com/watch?v=73mvDU5coG0&list=PLiLOpIZNFJMiCYTZTq_cHJlU72mtIeUAA&index=134,https://www.youtube.com/watch?v=DFucnxvY10Y&list=PLiLOpIZNFJMiCYTZTq_cHJlU72mtIeUAA&index=133,,,,1-https://docs.google.com/document/d/1tOGe5O6B3wW3z654Huojb-gsRZAudFcP5u8f4Yq8JtA/edit; 2- https://docs.google.com/document/d/12FfrSmHt3b0RTJ8uY6b1SA7eT-9OYQCfO-hgjStg0h4/edit,"Marta Betoldi, Silvina Frejdkes (Pol-ka, Pablo Fischerman)",,
Vidas Robadas,2008,Telefe,"Facundo Arana, Soledad SilveyraJuan Gil Navarro, Mónica AntonópulosVirginia Innocenti, Romina RicciJorge Marrale, Sofia Elliot, Adrian Navarro","Bautista Amaya, un antropólogo que sufre el secuestro y desaparición de su esposa en el día de su casamiento, emprende una búsqueda desesperada que lo lleva a destapar una red de trata de personas. En su camino se cruza con Ana, una fotógrafa comprometida que busca la verdad sobre su origen, uniendo fuerzas contra un poderoso e impune grupo criminal. Temas que toca: Denuncia directa y visibilización de la trata de personas con fines de explotación sexualLa complicidad de las redes de poder, la impunidad política, judicial y policialLa búsqueda incesante de seres queridos desaparecidos y el valor de la justiciaEl dolor trasformado en lucha colectiva, la valentía y el amor en contextos de extrema violencia",https://drive.google.com/file/d/1GvRZcUtHpL--R0lKL85XclsTVmzteG-T/view?usp=sharing,https://www.youtube.com/watch?v=WqC-iaDdpN4&list=PLZcf6JgSuiNl3vJMBi1B5gxRkLSso5nEw&index=1423,https://www.youtube.com/watch?v=4BSweFIYDzw&list=PLZcf6JgSuiNl3vJMBi1B5gxRkLSso5nEw&index=1421,https://www.youtube.com/watch?v=E7kqErS65TU&list=PLZcf6JgSuiNl3vJMBi1B5gxRkLSso5nEw&index=1416,,,,"Marcelo Camaño, Guillermo Salmerón
",,
Botineras,2009,Telefe,"Nicolás Cabré, Romina Gaetani, Florencia Peña","Marga, Chigüita y Cristian viven rodeados del lujo y la presión del fútbol profesional. Tras un oscuro crimen, una policía encubierta se infiltra en el ambiente para investigar a los futbolistas y al selecto grupo de mujeres que se vinculan con ellos por dinero, fama e interés, descubriendo una red de encubrimientos y ambición. Temas que toca: Interesante mirada sobre algo parecido al trabajo sexual (botineras, acompañantes de lujo y favores por conveniencia económica)El lado oscuro, la corrupción y los excesos en el negocio del fútbol profesionalLa homosexualidad tabú y reprimida en el deporte de alto rendimientoInfiltración, investigaciones policiales y crímenes impunesFama, manipulaciones mediáticas y ambición sin límites",https://drive.google.com/file/d/1IqAbMAnJFQSo4v8rFerwPUBj9ezcdpDT/view?usp=share_link,https://www.youtube.com/watch?v=wlia9rM7PeI&list=PLiLOpIZNFJMiCYTZTq_cHJlU72mtIeUAA&index=150,,,,,,"Esther Feldman, Alejandro Maci, Guillermo Salmerón, Nuri Abramowicz, Alejandro Quesada, Martín Méndez, Rodolfo Cela",,
Valientes,2009-2010,Canal 13,"Luciano Castro, Julieta Díaz, Arnaldo André","Las hermanos Sosa crecen separados tras la muerte de su padre y la pérdida de sus tierras a manos del despiadado Laureano Gómez Acuña. Años después, se reencuentran y traman una venganza conjunta trabajando en un taller mecánico frente a la mansión de su enemigo, pero sus planes se complican cuando se enamoran de las hijas y la esposa del hombre que arruinó sus vidas. Temas que toca: Valores tradicionales, la lealtad y la hermandad por encima de todoLa elección del amor verdadero: que la Kloster elija a Mariano Martínez y no al otro que es malo (Heredia)Venganza, justicia por mano propia y disputas de tierrasSecretos de identidad, mentiras familiares y redención amorosa",https://drive.google.com/file/d/1jWN_3jvrKQxciUFM4es-TvRpdG_M3egT/view?usp=share_link,https://www.youtube.com/watch?v=RtCLB8kaWoA&list=PLiLOpIZNFJMiCYTZTq_cHJlU72mtIeUAA&index=147,,,,,,"Marcos Carnevale, Lily Ann Martin",,
Malparida,2010-2011,Canal 13,"Juana Viale, Gonzalo Heredia, Raúl Taibo","Renata se acerca a la adinerada familia Uribe para vengar el suicidio de su madre, causado años atrás por el poderoso Lorenzo Uribe. Con frialdad y manipulación, planea enamorar a Lorenzo para destruirlo, pero su plan se complica cuando se enamora de Lautaro, el propio hijo de su enemigo. Temas que toca: Ella es mala y es la protagonistaVenganza despiadada y obsesión por el pasadoAmor prohibido e imposible entre rivalesManipulación, mentiras y secretos de la alta sociedad",https://drive.google.com/file/d/1-KuolIFVe0McyNoq4f3jzS3xxoHRowqI/view?usp=share_link,https://www.youtube.com/watch?v=MMlkWQSV_7Q&list=PLiLOpIZNFJMiCYTZTq_cHJlU72mtIeUAA&index=145,,,,,,"Marcos Carnevale, Lily Ann Martin, Pablo Junovich, Cecilia Guerty",,
El elegido,2011,Telefe,"Pablo Echarri, Paola Krum","Andrés Bilbao, un ambicioso abogado dispuesto a todo por ascender en la firma de Oscar Nevares Sosa, entra en contacto con la secta masónica y oscura que maneja el bufete. Su perspectiva cambia cuando conoce a Mariana, una idealista abogada que busca justicia por el asesinato de su padre y lo enfrenta a sus propios límites éticos. Temas que toca: La ambición profesional, la corrupción y los dilemas éticos en el poderSectas, logias masónicas, ocultismo y misticismoLa lucha por la justicia versus la codicia personalDiscapacidad e inclusión (destacada representación del autismo a través del personaje de la hija)Amor, manipulación y redención",https://drive.google.com/file/d/1njhGeufsYkHGNuDNaDzTWvFASMlHK4WN/view?usp=share_link,https://www.youtube.com/watch?v=M0sV0wxpbRo&list=PLiLOpIZNFJMiCYTZTq_cHJlU72mtIeUAA&index=151,,,,,,"Adriana Lorenzón, Gustavo Belatti",,
La dueña,2012,Telefe,"Mirtha Legrand, Florencia Bertotti, Benjamín Vicuña","Sofia Ponte, una poderosa e influyente empresaria del rubro cosmético, siente que sus herederos solo esperan su muerte para repartir el imperio. Para descubrir quiénes son verdaderamente leales y quiénes buscan destruirla, simula abandonar el control de sus empresas y finge debilidad, desencadenando una feroz guerra familiar por el poder. Temas que toca: La ambición, la codicia y la disputa despiadada por el poder económicoTraiciones familiares, secretos ocultos e hipocresía en la alta sociedadMatriarcado, empoderamiento femenino y liderazgo empresarial en la madurezManipulación, estrategias de prueba y supervivencia personal",https://drive.google.com/file/d/14Ci5EAMswFDtmp23y_5t3slzb0I_i5l2/view?usp=share_link,https://www.youtube.com/watch?v=tSCmnJnWTeE&list=PLiLOpIZNFJMiCYTZTq_cHJlU72mtIeUAA&index=138,,,,,,Marcelo Camaño (Telefe/Endemol),,
Mis amigos de siempre,2013,Canal 13,"Agustina Cherri, Nicolás Cabré, Gonzalo Heredia, Nicolás Vázquez, Calu Rivero, Emilia Attias","Simón y Tanya (o Rocío) se reencuentran en medio de las tensiones de la vida adulta, mientras el grupo de amigos de la juventud intenta reconstruir sus lazos. En la historia del personaje de Nicolás Cabré, el desgaste de la convivencia y el peso de la rutina familiar llevan a la ruptura de su pareja, exponiendo las dificultades reales de sostener un proyecto en común. Temas que toca: ""La mapaternidad nos destruyó"" (agotamiento, pérdida de identidad de pareja y desgaste de la rutina tras tener hijos)El paso del tiempo, el reencuentro con los amigos de la juventud y el contraste con las responsabilidades adultasInfidelidades, desencuentros amorosos y fracasos matrimoniales abordados desde la cotidianeidadAmistad, lealtad y el deporte/club como refugio afectivo",https://drive.google.com/file/d/17w_Ki8KPo7nN2NSRuzmKqnI0OK-Yi9sb/view?usp=share_link,https://www.youtube.com/watch?v=UFFagPODTYk&list=PLiLOpIZNFJMiCYTZTq_cHJlU72mtIeUAA&index=120,https://www.youtube.com/watch?v=v1vhbXy9TDc&list=PLiLOpIZNFJMiCYTZTq_cHJlU72mtIeUAA&index=119,,,,,"Jorge Mestro, Claudio Lacelli",,
"Taxxi, amores cruzados",2013,Telefe,"Gabriel Corrado, Rocío Igarzábal, Nicolás Riera, Catherine Fulop","Martin, un taxista marcado por la trágica muerte de su esposa, vive volcado al trabajo y a la crianza de su hijo. Su vida da un vuelco cuando conoce a Tania, una joven idéntica a su esposa fallecida, lo que desencadena una red de pasiones,secretos de identidad y obsesiones del pasado. Temas que toca: Duelo, duelo no resuelto y la incapacidad de soltar el pasadoObsesión por el parecido físico y la proyección del amor perdidoDiferencias de edad, secretos familiares y dobles vidasEl taxi y la noche urbana como escenario de confidencias y encuentros fortuitos",https://drive.google.com/file/d/1tdLHPYY-_8jUX7g3Z_0q43XOP4z8ukwO/view?usp=share_link,https://www.youtube.com/watch?v=9o8S338nxVo&list=PLiLOpIZNFJMiCYTZTq_cHJlU72mtIeUAA&index=122,https://www.youtube.com/watch?v=yOVzxASehIw&list=PLiLOpIZNFJMiCYTZTq_cHJlU72mtIeUAA&index=121,,,,,"Osvaldo Canis, Marisa Quiroga",,
Esperanza mía,2015,Canal 13,"Lali Espósito, Mariano Martínez","Julia Correa, una joven que huye de su pueblo tras denunciar a una fábrica contaminante, busca refugio en un convento haciéndose pasar por la novicia ""Esperanza"". Allí conoce al padre Tomás, un sacerdote comprometido con la comunidad,desatando una atracción prohibida entre la fe, el secreto de su verdadera identidad y la vocación. Temas que toca: El amor prohibido entre un sacerdote y una falsa noviciaSecretos de identidad y la búsqueda de justicia frente a la corrupción corporativaLa vida en el convento, la fe y los dilemas de la vocación religiosaLa música, la alegría y los lazos de amistad entre mujeres en un entorno comunitario",https://drive.google.com/file/d/1JxkpucVnBdJWq97EWdf3HjGTtat20qtV/view?usp=share_link,https://www.youtube.com/watch?v=YQ6Eoxe9R4s&list=PLiLOpIZNFJMiCYTZTq_cHJlU72mtIeUAA&index=125,https://www.youtube.com/watch?v=IiaZsWZHA2s&list=PLiLOpIZNFJMiCYTZTq_cHJlU72mtIeUAA&index=124,https://www.youtube.com/watch?v=VEfNMQBJQT8&list=PLiLOpIZNFJMiCYTZTq_cHJlU72mtIeUAA&index=123,,,,"Marta Betoldi, Claudio Lacelli, Lily Ann Martin",,
Los ricos no piden permiso,2016,Canal 13,"Luciano Castro, Araceli González, Juan Darthés","La historia se desarrolla en la estancia Santa Elena, propiedad de la adinerada familia Villalba. Tras la muerte del patriarca, sus tres hijos varones se disputan la millonaria herencia, las tierras y la administración del lugar. En este entorno rural se cruzan los caprichos de la alta sociedad con el mundo de la peonada, desencadenando pasiones prohibidas, ambición desmedida y oscuros secretos familiares. Temas que toca: Relaciones amorosas y choque de clases entre los dueños de la estancia y los peones/sirvientesLa ambición, la codicia y las disputas por herencias y tierras de campoAmor prohibido, obsesiones y matrimonios arreglados por interésTraiciones, secretos oscuros de familia y venganza en el ámbito rural",https://drive.google.com/file/d/11eeWfamOpZSh9mY-A34lw3Lb2ZiiTZvx/view?usp=share_link,https://www.youtube.com/watch?v=PACvubSVxls&list=PLiLOpIZNFJMiCYTZTq_cHJlU72mtIeUAA&index=149,,,,,,"Marcos Carnevale, Willy Van Broock, Jessica Valls, Christian Basilis",,
La leona,2016,Telefe,"Nancy Dupláa, Pablo Echarri","María Leone, una obrera y delegada sindical de la fábrica textil Liberman, lidera la lucha de sus compañeros para evitar el cierre y vaciamiento de la empresa. En medio del conflicto laboral, María se enamora de Franco Uribe, un profesional contratado por los dueños para concretar la quiebra de la fábrica, desencadenando un dilema entre la pasión y la lealtad de clase. Temas que toca: Toda una oda al sindicalismo y la organización trabajadora frente al vaciamientoUna mujer líder: empoderamiento femenino, convicción y resistencia popularConflicto ético y romance atravesado por la lucha de clasesEspeculación financiera, corrupción corporativa y la defensa del puesto de trabajo",https://drive.google.com/file/d/1Oa_bP5Z3Yu-9PR-uThLHupN3H5BBBHQd/view?usp=share_link,https://www.youtube.com/watch?v=cM7rudnOzAs&list=PLiLOpIZNFJMiCYTZTq_cHJlU72mtIeUAA&index=152,,,,,,"Pablo Lago, Susana Cardozo",,
Golpe al corazon,2017,Telefe,"Sebastián Estevanez, Eleonora Wexler, Miguel Ángel Rodríguez, Viviana Saccone, Victorio D' Alessandro,María del Cerro, Laura Laprida, Ramiro Blas, Manuela Pal, Claudia Lapacó, Sabrina Rojas, Esteban Pérez,Georgina Barbarossa, Julia Calvo, Germán Kraus","Rafael Farías, un boxeador que abandona el ring tras la trágica muerte de su esposa en un accidente de tránsito, rehace su vida trabajando como enfermero en la Clínica del Plata. Allí conoce a Marcela Ríos, una médica cirujana que perdió la vista a raíz de un ataque violento y recuperó la visión gracias a un trasplante de córneas, ignorando que sus ojos eran los de la difunta mujer de Rafael. Temas que toca: El amor atravesado por el destino, la pérdida y la conexión invisible del trasplante de órganosEl boxeo como disciplina, superación y el retiro obligado por el dolor del pasadoLa vocación médica, la ética profesional y la vida dentro de una clínicaSuperación de traumas, segundas oportunidades pasionales y secretos de identidad",https://drive.google.com/file/d/1PDuANmfLbuEb0iNtMEuFp-zK4ZteRsSR/view?usp=share_link,,,https://www.youtube.com/watch?v=-aZw6-Iqzl0&list=PLZcf6JgSuiNl3vJMBi1B5gxRkLSso5nEw&index=1365,,,,Quique Estevanez,,